[
  {
    "url_title": "DoAct",
    "title": "DoAct",
    "sub_title": "A Terraform module for hosting your own runner for CI/CD on Digital Ocean to run jobs in your GitHub Actions workflows. 🚀",
    "top_image": "top_image.png",
    "visible": true
   },
   {
    "url_title": "GoWazirX",
    "title": "Go-WazirX",
    "sub_title": "A Go client library for accessing the Public API of India's biggest cryptocurrency exchange WazirX.com.",
    "top_image": "top_image.png",
    "visible": true
   },
   {
    "url_title": "IdeaGround",
    "title": "Idea Ground",
    "sub_title": "A Web application for sharing and managing projects and their deadlines. This application is an easy way of organizing various projects, and the snappiest way to equalize your work.",
    "top_image": "top_image.png",
    "visible": true
   },
   {
    "url_title": "IFSC",
    "title": "IFSC Search",
    "sub_title": "A web Application that fetches Bank details by searching IFSC Code using Razorpay API.",
    "top_image": "top_image.png",
    "visible": true
   },
   {
    "url_title": "Dequinox",
    "title": "D'Equinox 2016",
    "sub_title": "Official Website for the Annual Cultural fest of Jaypee University Of engineering & Technology.",
    "top_image": "top_image.jpg",
    "visible": true
   },
   {
    "url_title": "GoCorona",
    "title": "Go-Corona",
    "sub_title": "A Golang client library for accessing global coronavirus (COVID-19, SARS-CoV-2) outbreak data.",
    "top_image": "top_image.jpg",
    "visible": true
   },
  
   {
    "url_title": "KubeAct",
    "title": "KubeAct",
    "sub_title": "A Helm chart for hosting your own runner on Kubernetes to run jobs in your GitHub Actions workflows. ☸️ 🚀",
    "top_image": "top_image.jpg",
    "visible": true
   },
   {
    "url_title": "Blockchain",
    "title": "Decentralized Blockchain Network",
    "sub_title": "A powerful and secure Blockchain Network with CryptoCurrency and Wallet.",
    "top_image": "top_image.jpg",
    "visible": true
   }
]